Workbook

Sheet Articles
A1: Réf | B1: Désignation | C1: Prix d'achat | D1: Stock initial | E1: Prix de vente
A2: LYK001 | B2: BABY BELLO ENS VIOLET 02P | C2: 3500 | D2: 1 | E2: 6500
A3: LYK002 | B3: BABY BELLO GREN CHAPEAU/MOUFLE | C3: 3000 | D3: 10 | E3: 6000
A4: LYK003 | B4: BABY F CHAPEAUX 01 PONPON | C4: 500 | D4: 5 | E4: 1000
A5: LYK004 | B5: BABY F CHAPEAUX 02 PONPONS | C5: 650 | D5: 18 | E5: 1300
A6: LYK005 | B6: BABYBUU ROBE | C6: 2828 | D6: 12 | E6: 5656
A7: LYK006 | B7: BABYGO ENS 02P MARRON GARCON | C7: 2793 | D7: 4 | E7: 5586
A8: LYK007 | B8: BABYGO ENS 02PROSE FILLE | C8: 3339 | D8: 4 | E8: 6678
A9: LYK008 | B9: BABYGO ENS JOGGING VERT 02P | C9: 3250 | D9: 2 | E9: 6500
A10: LYK009 | B10: BABYHI ENS JAUNE 03P | C10: 3750 | D10: 1 | E10: 7500
A11: LYK010 | B11: BB CHERI BABY F ENS 02P | C11: 4500 | D11: 2 | E11: 9000
A12: LYK011 | B12: BB CHERI BABY F ENS02P ROSE | C12: 3500 | D12: 4 | E12: 7000
A13: LYK012 | B13: BB CHERI BABY F GREN | C13: 3950 | D13: 4 | E13: 7900
... A169: LYK169 | B169: SERVIETTES PM | C169: 2200 | D169: 8 | E169: 3000

Sheet Ventes
A1: Date | B1: Réf | C1: Quantité | D1: Prix unité (réel) | E1: Prix total | F1: Marge unitaire | G1: Marge totale
A2: 45748 | B2: LYK017 | C2: 10 | D2: 1500 | E2: =C2*D2 -> 15000 | F2: =D2 - VLOOKUP(B2,Articles!A:D,3,FALSE) -> 750 | G2: =F2 * C2 -> 7500
A3: 45748 | B3: LYK070 | C3: 1 | D3: 2000 | E3: =C3*D3 -> 2000 | F3: =D3 - VLOOKUP(B3,Articles!A:D,3,FALSE) -> 500 | G3: =F3 * C3 -> 500
A4: 45748 | B4: LYK020 | C4: 3 | D4: 1000 | E4: =C4*D4 -> 3000 | F4: =D4 - VLOOKUP(B4,Articles!A:D,3,FALSE) -> 546.67 | G4: =F4 * C4 -> 1640.01
A5: 45748 | B5: LYK121 | C5: 2 | D5: 9500 | E5: =C5*D5 -> 19000 | F5: =D5 - VLOOKUP(B5,Articles!A:D,3,FALSE) -> 5125 | G5: =F5 * C5 -> 10250
A6: 45748 | B6: LYK021 | C6: 5 | D6: 2000 | E6: =C6*D6 -> 10000 | F6: =D6 - VLOOKUP(B6,Articles!A:D,3,FALSE) -> 1358.5 | G6: =F6 * C6 -> 6792.5
A7: 45748 | B7: LYK031 | C7: 1 | D7: 8500 | E7: =C7*D7 -> 8500 | F7: =D7 - VLOOKUP(B7,Articles!A:D,3,FALSE) -> 4699 | G7: =F7 * C7 -> 4699
A8: 45748 | B8: LYK059 | C8: 2 | D8: 6500 | E8: =C8*D8 -> 13000 | F8: =D8 - VLOOKUP(B8,Articles!A:D,3,FALSE) -> 3336 | G8: =F8 * C8 -> 6672
A9: 45748 | B9: LYK061 | C9: 1 | D9: 8500 | E9: =C9*D9 -> 8500 | F9: =D9 - VLOOKUP(B9,Articles!A:D,3,FALSE) -> 4468 | G9: =F9 * C9 -> 4468
A10: 45748 | B10: LYK153 | C10: 1 | D10: 8500 | E10: =C10*D10 -> 8500 | F10: =D10 - VLOOKUP(B10,Articles!A:D,3,FALSE) -> 3999 | G10: =F10 * C10 -> 3999
A11: 45748 | B11: LYK082 | C11: 2 | D11: 1000 | E11: =C11*D11 -> 2000 | F11: =D11 - VLOOKUP(B11,Articles!A:D,3,FALSE) -> 500 | G11: =F11 * C11 -> 1000
A12: 45748 | B12: LYK123 | C12: 1 | D12: 6500 | E12: =C12*D12 -> 6500 | F12: =D12 - VLOOKUP(B12,Articles!A:D,3,FALSE) -> 3735 | G12: =F12 * C12 -> 3735
A13: 45749 | B13: LYK140 | C13: 3 | D13: 3200 | E13: =C13*D13 -> 9600 | F13: =D13 - VLOOKUP(B13,Articles!A:D,3,FALSE) -> 1693 | G13: =F13 * C13 -> 5079
... A25: 45749 | B25: LYK094 | C25: 2 | D25: 2000 | E25: =C25*D25 -> 4000 | F25: =D25 - VLOOKUP(B25,Articles!A:D,3,FALSE) -> 1160 | G25: =F25 * C25 -> 2320
B26: LYK125 | C26: 1 | D26: 5000 | E26: =C26*D26 -> 5000 | F26: =D26 - VLOOKUP(B26,Articles!A:D,3,FALSE) -> 2725 | G26: =F26 * C26 -> 2725
B27: LYK141 | C27: 1 | D27: 2000 | E27: =C27*D27 -> 2000 | F27: =D27 - VLOOKUP(B27,Articles!A:D,3,FALSE) -> 1000 | G27: =F27 * C27 -> 1000
B28: LYK123 | C28: 1 | D28: 6500 | E28: =C28*D28 -> 6500 | F28: =D28 - VLOOKUP(B28,Articles!A:D,3,FALSE) -> 3735 | G28: =F28 * C28 -> 3735
B29: LYK161 | C29: 6 | D29: 334 | E29: =C29*D29 -> 2004 | F29: =D29 - VLOOKUP(B29,Articles!A:D,3,FALSE) -> 167 | G29: =F29 * C29 -> 1002
B30: LYK162 | C30: 1 | D30: 5000 | E30: =C30*D30 -> 5000 | F30: =D30 - VLOOKUP(B30,Articles!A:D,3,FALSE) -> 500 | G30: =F30 * C30 -> 500
B31: LYK163 | C31: 1 | D31: 3500 | E31: =C31*D31 -> 3500 | F31: =D31 - VLOOKUP(B31,Articles!A:D,3,FALSE) -> 1000 | G31: =F31 * C31 -> 1000
B32: LYK025 | C32: 1 | D32: 600 | E32: =C32*D32 -> 600 | F32: =D32 - VLOOKUP(B32,Articles!A:D,3,FALSE) -> 321.5 | G32: =F32 * C32 -> 321.5
B33: LYK121 | C33: 1 | D33: 8500 | E33: =C33*D33 -> 8500 | F33: =D33 - VLOOKUP(B33,Articles!A:D,3,FALSE) -> 4125 | G33: =F33 * C33 -> 4125
B34: LYK020 | C34: 1 | D34: 1000 | E34: =C34*D34 -> 1000 | F34: =D34 - VLOOKUP(B34,Articles!A:D,3,FALSE) -> 546.67 | G34: =F34 * C34 -> 546.67
B35: LYK028 | C35: 1 | D35: 3500 | E35: =C35*D35 -> 3500 | F35: =D35 - VLOOKUP(B35,Articles!A:D,3,FALSE) -> 1750 | G35: =F35 * C35 -> 1750
B36: LYK110 | C36: 1 | D36: 5500 | E36: =C36*D36 -> 5500 | F36: =D36 - VLOOKUP(B36,Articles!A:D,3,FALSE) -> 2945 | G36: =F36 * C36 -> 2945
B37: LYK015 | C37: 1 | D37: 8000 | E37: =C37*D37 -> 8000 | F37: =D37 - VLOOKUP(B37,Articles!A:D,3,FALSE) -> 4260 | G37: =F37 * C37 -> 4260
... B53: LYK020 | C53: 12 | D53: 1000 | E53: =C53*D53 -> 12000 | F53: =D53 - VLOOKUP(B53,Articles!A:D,3,FALSE) -> 546.67 | G53: =F53 * C53 -> 6560.04
A54: 45750 | B54: LYK010 | C54: 1 | D54: 8500 | E54: =C54*D54 -> 8500 | F54: =D54 - VLOOKUP(B54,Articles!A:D,3,FALSE) -> 4000 | G54: =F54 * C54 -> 4000
A55: 45750 | B55: LYK059 | C55: 1 | D55: 6000 | E55: =C55*D55 -> 6000 | F55: =D55 - VLOOKUP(B55,Articles!A:D,3,FALSE) -> 2836 | G55: =F55 * C55 -> 2836
A56: 45750 | B56: LYK061 | C56: 1 | D56: 8500 | E56: =C56*D56 -> 8500 | F56: =D56 - VLOOKUP(B56,Articles!A:D,3,FALSE) -> 4468 | G56: =F56 * C56 -> 4468
A57: 45750 | B57: LYK152 | C57: 1 | D57: 6000 | E57: =C57*D57 -> 6000 | F57: =D57 - VLOOKUP(B57,Articles!A:D,3,FALSE) -> 3000 | G57: =F57 * C57 -> 3000
A58: 45750 | B58: LYK082 | C58: 1 | D58: 1500 | E58: =C58*D58 -> 1500 | F58: =D58 - VLOOKUP(B58,Articles!A:D,3,FALSE) -> 1000 | G58: =F58 * C58 -> 1000
A59: 45750 | B59: LYK021 | C59: 1 | D59: 2000 | E59: =C59*D59 -> 2000 | F59: =D59 - VLOOKUP(B59,Articles!A:D,3,FALSE) -> 1358.5 | G59: =F59 * C59 -> 1358.5
B60: LYK026 | C60: 1 | D60: 1500 | E60: =C60*D60 -> 1500 | F60: =D60 - VLOOKUP(B60,Articles!A:D,3,FALSE) -> 750 | G60: =F60 * C60 -> 750
B61: LYK121 | C61: 1 | D61: 8500 | E61: =C61*D61 -> 8500 | F61: =D61 - VLOOKUP(B61,Articles!A:D,3,FALSE) -> 4125 | G61: =F61 * C61 -> 4125
B62: LYK004 | C62: 2 | D62: 1500 | E62: =C62*D62 -> 3000 | F62: =D62 - VLOOKUP(B62,Articles!A:D,3,FALSE) -> 850 | G62: =F62 * C62 -> 1700
B63: LYK005 | C63: 1 | D63: 6000 | E63: =C63*D63 -> 6000 | F63: =D63 - VLOOKUP(B63,Articles!A:D,3,FALSE) -> 3172 | G63: =F63 * C63 -> 3172
B64: LYK059 | C64: 1 | D64: 6500 | E64: =C64*D64 -> 6500 | F64: =D64 - VLOOKUP(B64,Articles!A:D,3,FALSE) -> 3336 | G64: =F64 * C64 -> 3336
B65: LYK106 | C65: 1 | D65: 6000 | E65: =C65*D65 -> 6000 | F65: =D65 - VLOOKUP(B65,Articles!A:D,3,FALSE) -> 2955 | G65: =F65 * C65 -> 2955
B66: LYK124 | C66: 1 | D66: 5500 | E66: =C66*D66 -> 5500 | F66: =D66 - VLOOKUP(B66,Articles!A:D,3,FALSE) -> 2735 | G66: =F66 * C66 -> 2735
B67: LYK007 | C67: 1 | D67: 6500 | E67: =C67*D67 -> 6500 | F67: =D67 - VLOOKUP(B67,Articles!A:D,3,FALSE) -> 3161 | G67: =F67 * C67 -> 3161
B68: LYK020 | C68: 5 | D68: 1000 | E68: =C68*D68 -> 5000 | F68: =D68 - VLOOKUP(B68,Articles!A:D,3,FALSE) -> 546.67 | G68: =F68 * C68 -> 2733.35
B69: LYK017 | C69: 2 | D69: 1500 | E69: =C69*D69 -> 3000 | F69: =D69 - VLOOKUP(B69,Articles!A:D,3,FALSE) -> 750 | G69: =F69 * C69 -> 1500
B70: LYK021 | C70: 2 | D70: 2000 | E70: =C70*D70 -> 4000 | F70: =D70 - VLOOKUP(B70,Articles!A:D,3,FALSE) -> 1358.5 | G70: =F70 * C70 -> 2717
B71: LYK091 | C71: 1 | D71: 5000 | E71: =C71*D71 -> 5000 | F71: =D71 - VLOOKUP(B71,Articles!A:D,3,FALSE) -> 2732 | G71: =F71 * C71 -> 2732
A72: 45751 | B72: LYK005 | C72: 1 | D72: 5000 | E72: =C72*D72 -> 5000 | F72: =D72 - VLOOKUP(B72,Articles!A:D,3,FALSE) -> 2172 | G72: =F72 * C72 -> 2172
A73: 45751 | B73: LYK059 | C73: 1 | D73: 5000 | E73: =C73*D73 -> 5000 | F73: =D73 - VLOOKUP(B73,Articles!A:D,3,FALSE) -> 1836 | G73: =F73 * C73 -> 1836
A74: 45751 | B74: LYK121 | C74: 1 | D74: 9500 | E74: =C74*D74 -> 9500 | F74: =D74 - VLOOKUP(B74,Articles!A:D,3,FALSE) -> 5125 | G74: =F74 * C74 -> 5125
A75: 45751 | B75: LYK020 | C75: 3 | D75: 1000 | E75: =C75*D75 -> 3000 | F75: =D75 - VLOOKUP(B75,Articles!A:D,3,FALSE) -> 546.67 | G75: =F75 * C75 -> 1640.01
A76: 45751 | B76: LYK106 | C76: 1 | D76: 6000 | E76: =C76*D76 -> 6000 | F76: =D76 - VLOOKUP(B76,Articles!A:D,3,FALSE) -> 2955 | G76: =F76 * C76 -> 2955
A77: 45751 | B77: LYK140 | C77: 1 | D77: 3000 | E77: =C77*D77 -> 3000 | F77: =D77 - VLOOKUP(B77,Articles!A:D,3,FALSE) -> 1493 | G77: =F77 * C77 -> 1493
B78: LYK090 | C78: 1 | D78: 1500 | E78: =C78*D78 -> 1500 | F78: =D78 - VLOOKUP(B78,Articles!A:D,3,FALSE) -> 750 | G78: =F78 * C78 -> 750
B79: LYK013 | C79: 1 | D79: 8500 | E79: =C79*D79 -> 8500 | F79: =D79 - VLOOKUP(B79,Articles!A:D,3,FALSE) -> 4370 | G79: =F79 * C79 -> 4370
B80: LYK011 | C80: 1 | D80: 7000 | E80: =C80*D80 -> 7000 | F80: =D80 - VLOOKUP(B80,Articles!A:D,3,FALSE) -> 3500 | G80: =F80 * C80 -> 3500
B81: LYK020 | C81: 4 | D81: 1000 | E81: =C81*D81 -> 4000 | F81: =D81 - VLOOKUP(B81,Articles!A:D,3,FALSE) -> 546.67 | G81: =F81 * C81 -> 2186.68
B82: LYK034 | C82: 1 | D82: 10000 | E82: =C82*D82 -> 10000 | F82: =D82 - VLOOKUP(B82,Articles!A:D,3,FALSE) -> 4862 | G82: =F82 * C82 -> 4862
B83: LYK001 | C83: 1 | D83: 6500 | E83: =C83*D83 -> 6500 | F83: =D83 - VLOOKUP(B83,Articles!A:D,3,FALSE) -> 3000 | G83: =F83 * C83 -> 3000
B84: LYK032 | C84: 1 | D84: 9000 | E84: =C84*D84 -> 9000 | F84: =D84 - VLOOKUP(B84,Articles!A:D,3,FALSE) -> 4443 | G84: =F84 * C84 -> 4443
B85: LYK004 | C85: 3 | D85: 1333 | E85: =C85*D85 -> 3999 | F85: =D85 - VLOOKUP(B85,Articles!A:D,3,FALSE) -> 683 | G85: =F85 * C85 -> 2049
B86: LYK021 | C86: 1 | D86: 2000 | E86: =C86*D86 -> 2000 | F86: =D86 - VLOOKUP(B86,Articles!A:D,3,FALSE) -> 1358.5 | G86: =F86 * C86 -> 1358.5
B87: LYK017 | C87: 5 | D87: 1500 | E87: =C87*D87 -> 7500 | F87: =D87 - VLOOKUP(B87,Articles!A:D,3,FALSE) -> 750 | G87: =F87 * C87 -> 3750
B88: LYK004 | C88: 1 | D88: 1300 | E88: =C88*D88 -> 1300 | F88: =D88 - VLOOKUP(B88,Articles!A:D,3,FALSE) -> 650 | G88: =F88 * C88 -> 650
B89: LYK143 | C89: 1 | D89: 7000 | E89: =C89*D89 -> 7000 | F89: =D89 - VLOOKUP(B89,Articles!A:D,3,FALSE) -> 3500 | G89: =F89 * C89 -> 3500
... B92: LYK142 | C92: 1 | D92: 7500 | E92: =C92*D92 -> 7500 | F92: =D92 - VLOOKUP(B92,Articles!A:D,3,FALSE) -> 4210 | G92: =F92 * C92 -> 4210
A93: 45752 | B93: LYK021 | C93: 2 | D93: 2000 | E93: =C93*D93 -> 4000 | F93: =D93 - VLOOKUP(B93,Articles!A:D,3,FALSE) -> 1358.5 | G93: =F93 * C93 -> 2717
B94: LYK106 | C94: 1 | D94: 5500 | E94: =C94*D94 -> 5500 | F94: =D94 - VLOOKUP(B94,Articles!A:D,3,FALSE) -> 2455 | G94: =F94 * C94 -> 2455
B95: LYK017 | C95: 6 | D95: 1500 | E95: =C95*D95 -> 9000 | F95: =D95 - VLOOKUP(B95,Articles!A:D,3,FALSE) -> 750 | G95: =F95 * C95 -> 4500
B96: LYK020 | C96: 6 | D96: 1000 | E96: =C96*D96 -> 6000 | F96: =D96 - VLOOKUP(B96,Articles!A:D,3,FALSE) -> 546.67 | G96: =F96 * C96 -> 3280.02
A97: 45754 | B97: LYK017 | C97: 5 | D97: 1500 | E97: =C97*D97 -> 7500 | F97: =D97 - VLOOKUP(B97,Articles!A:D,3,FALSE) -> 750 | G97: =F97 * C97 -> 3750
B98: LYK021 | C98: 6 | D98: 2000 | E98: =C98*D98 -> 12000 | F98: =D98 - VLOOKUP(B98,Articles!A:D,3,FALSE) -> 1358.5 | G98: =F98 * C98 -> 8151
B99: LYK020 | C99: 12 | D99: 1000 | E99: =C99*D99 -> 12000 | F99: =D99 - VLOOKUP(B99,Articles!A:D,3,FALSE) -> 546.67 | G99: =F99 * C99 -> 6560.04
B100: LYK017 | C100: 9 | D100: 1400 | E100: =C100*D100 -> 12600 | F100: =D100 - VLOOKUP(B100,Articles!A:D,3,FALSE) -> 650 | G100: =F100 * C100 -> 5850
B101: LYK026 | C101: 1 | D101: 1000 | E101: =C101*D101 -> 1000 | F101: =D101 - VLOOKUP(B101,Articles!A:D,3,FALSE) -> 250 | G101: =F101 * C101 -> 250
A102: 45755 | B102: LYK124 | C102: 1 | D102: 6000 | E102: =C102*D102 -> 6000 | F102: =D102 - VLOOKUP(B102,Articles!A:D,3,FALSE) -> 3235 | G102: =F102 * C102 -> 3235
B103: LYK121 | C103: 1 | D103: 9000 | E103: =C103*D103 -> 9000 | F103: =D103 - VLOOKUP(B103,Articles!A:D,3,FALSE) -> 4625 | G103: =F103 * C103 -> 4625
B104: LYK117 | C104: 1 | D104: 5000 | E104: =C104*D104 -> 5000 | F104: =D104 - VLOOKUP(B104,Articles!A:D,3,FALSE) -> 2305 | G104: =F104 * C104 -> 2305
B105: LYK038 | C105: 1 | D105: 5000 | E105: =C105*D105 -> 5000 | F105: =D105 - VLOOKUP(B105,Articles!A:D,3,FALSE) -> 2452 | G105: =F105 * C105 -> 2452
B106: LYK059 | C106: 1 | D106: 6500 | E106: =C106*D106 -> 6500 | F106: =D106 - VLOOKUP(B106,Articles!A:D,3,FALSE) -> 3336 | G106: =F106 * C106 -> 3336
B107: LYK150 | C107: 1 | D107: 7000 | E107: =C107*D107 -> 7000 | F107: =D107 - VLOOKUP(B107,Articles!A:D,3,FALSE) -> 3801 | G107: =F107 * C107 -> 3801
A108: 45756 | B108: LYK140 | C108: 6 | D108: 3200 | E108: =C108*D108 -> 19200 | F108: =D108 - VLOOKUP(B108,Articles!A:D,3,FALSE) -> 1693 | G108: =F108 * C108 -> 10158
B109: LYK107 | C109: 2 | D109: 2500 | E109: =C109*D109 -> 5000 | F109: =D109 - VLOOKUP(B109,Articles!A:D,3,FALSE) -> 1250 | G109: =F109 * C109 -> 2500
B110: LYK161 | C110: 3 | D110: 334 | E110: =C110*D110 -> 1002 | F110: =D110 - VLOOKUP(B110,Articles!A:D,3,FALSE) -> 167 | G110: =F110 * C110 -> 501
B111: LYK082 | C111: 2 | D111: 1000 | E111: =C111*D111 -> 2000 | F111: =D111 - VLOOKUP(B111,Articles!A:D,3,FALSE) -> 500 | G111: =F111 * C111 -> 1000
B112: LYK059 | C112: 2 | D112: 6500 | E112: =C112*D112 -> 13000 | F112: =D112 - VLOOKUP(B112,Articles!A:D,3,FALSE) -> 3336 | G112: =F112 * C112 -> 6672
A113: 45758 | B113: LYK059 | C113: 1 | D113: 6000 | E113: =C113*D113 -> 6000 | F113: =D113 - VLOOKUP(B113,Articles!A:D,3,FALSE) -> 2836 | G113: =F113 * C113 -> 2836
B114: LYK020 | C114: 1 | D114: 1000 | E114: =C114*D114 -> 1000 | F114: =D114 - VLOOKUP(B114,Articles!A:D,3,FALSE) -> 546.67 | G114: =F114 * C114 -> 546.67
B115: LYK059 | C115: 1 | D115: 6000 | E115: =C115*D115 -> 6000 | F115: =D115 - VLOOKUP(B115,Articles!A:D,3,FALSE) -> 2836 | G115: =F115 * C115 -> 2836
B116: LYK017 | C116: 1 | D116: 1400 | E116: =C116*D116 -> 1400 | F116: =D116 - VLOOKUP(B116,Articles!A:D,3,FALSE) -> 650 | G116: =F116 * C116 -> 650
B117: LYK094 | C117: 1 | D117: 1500 | E117: =C117*D117 -> 1500 | F117: =D117 - VLOOKUP(B117,Articles!A:D,3,FALSE) -> 660 | G117: =F117 * C117 -> 660
B118: LYK112 | C118: 1 | D118: 5500 | E118: =C118*D118 -> 5500 | F118: =D118 - VLOOKUP(B118,Articles!A:D,3,FALSE) -> 2735 | G118: =F118 * C118 -> 2735
A119: 45759 | B119: LYK005 | C119: 1 | D119: 5000 | E119: =C119*D119 -> 5000 | F119: =D119 - VLOOKUP(B119,Articles!A:D,3,FALSE) -> 2172 | G119: =F119 * C119 -> 2172
B120: LYK124 | C120: 1 | D120: 5500 | E120: =C120*D120 -> 5500 | F120: =D120 - VLOOKUP(B120,Articles!A:D,3,FALSE) -> 2735 | G120: =F120 * C120 -> 2735
B121: LYK122 | C121: 1 | D121: 5500 | E121: =C121*D121 -> 5500 | F121: =D121 - VLOOKUP(B121,Articles!A:D,3,FALSE) -> 2735 | G121: =F121 * C121 -> 2735
B122: LYK021 | C122: 3 | D122: 1500 | E122: =C122*D122 -> 4500 | F122: =D122 - VLOOKUP(B122,Articles!A:D,3,FALSE) -> 858.5 | G122: =F122 * C122 -> 2575.5
B123: LYK040 | C123: 1 | D123: 5500 | E123: =C123*D123 -> 5500 | F123: =D123 - VLOOKUP(B123,Articles!A:D,3,FALSE) -> 2609 | G123: =F123 * C123 -> 2609
B124: LYK164 | C124: 2 | D124: 4500 | E124: =C124*D124 -> 9000 | F124: =D124 - VLOOKUP(B124,Articles!A:D,3,FALSE) -> 1000 | G124: =F124 * C124 -> 2000
B125: LYK017 | C125: 5 | D125: 1400 | E125: =C125*D125 -> 7000 | F125: =D125 - VLOOKUP(B125,Articles!A:D,3,FALSE) -> 650 | G125: =F125 * C125 -> 3250
B126: LYK021 | C126: 7 | D126: 1500 | E126: =C126*D126 -> 10500 | F126: =D126 - VLOOKUP(B126,Articles!A:D,3,FALSE) -> 858.5 | G126: =F126 * C126 -> 6009.5
B127: LYK140 | C127: 7 | D127: 3000 | E127: =C127*D127 -> 21000 | F127: =D127 - VLOOKUP(B127,Articles!A:D,3,FALSE) -> 1493 | G127: =F127 * C127 -> 10451
B128: LYK003 | C128: 2 | D128: 1000 | E128: =C128*D128 -> 2000 | F128: =D128 - VLOOKUP(B128,Articles!A:D,3,FALSE) -> 500 | G128: =F128 * C128 -> 1000
...

Sheet Résumé Stock
A1: Réf | B1: Désignation | C1: Stock initial | D1: Quantité vendue | E1: Stock actuel | F1: Total Ventes | G1: Total Marge
A2: LYK017 | B2: =VLOOKUP(A2,Articles!A:B,2,FALSE) -> BELLA BANDEAUX | C2: =VLOOKUP(A2,Articles!A:D,4,FALSE) -> 85 | D2: =SUMIFS(Ventes!C:C,Ventes!B:B,A2) -> 60 | E2: =C2-D2 -> 25 | F2: =SUMIFS(Ventes!D:D,Ventes!B:B,A2) -> 20500 | G2: =SUMIFS(Ventes!G:G,Ventes!B:B,A2) -> 43000
A3: LYK070 | B3: =VLOOKUP(A3,Articles!A:B,2,FALSE) -> MC BARBO CM | C3: =VLOOKUP(A3,Articles!A:D,4,FALSE) -> 17 | D3: =SUMIFS(Ventes!C:C,Ventes!B:B,A3) -> 5 | E3: =C3-D3 -> 12 | F3: =SUMIFS(Ventes!D:D,Ventes!B:B,A3) -> 6000 | G3: =SUMIFS(Ventes!G:G,Ventes!B:B,A3) -> 2500
A4: LYK020 | B4: =VLOOKUP(A4,Articles!A:B,2,FALSE) -> BELLA CHAUSSETTE BALLERINE | C4: =VLOOKUP(A4,Articles!A:D,4,FALSE) -> 60 | D4: =SUMIFS(Ventes!C:C,Ventes!B:B,A4) -> 53 | E4: =C4-D4 -> 7 | F4: =SUMIFS(Ventes!D:D,Ventes!B:B,A4) -> 12000 | G4: =SUMIFS(Ventes!G:G,Ventes!B:B,A4) -> 28973.51
A5: LYK121 | B5: =VLOOKUP(A5,Articles!A:B,2,FALSE) -> MURAT ROBE CŒUR | C5: =VLOOKUP(A5,Articles!A:D,4,FALSE) -> 10 | D5: =SUMIFS(Ventes!C:C,Ventes!B:B,A5) -> 9 | E5: =C5-D5 -> 1 | F5: =SUMIFS(Ventes!D:D,Ventes!B:B,A5) -> 63000 | G5: =SUMIFS(Ventes!G:G,Ventes!B:B,A5) -> 42125
A6: LYK021 | B6: =VLOOKUP(A6,Articles!A:B,2,FALSE) -> BELLA CHAUSSETTE COLLANT NŒUD | C6: =VLOOKUP(A6,Articles!A:D,4,FALSE) -> 71 | D6: =SUMIFS(Ventes!C:C,Ventes!B:B,A6) -> 29 | E6: =C6-D6 -> 42 | F6: =SUMIFS(Ventes!D:D,Ventes!B:B,A6) -> 19000 | G6: =SUMIFS(Ventes!G:G,Ventes!B:B,A6) -> 34396.5
A7: LYK031 | B7: =VLOOKUP(A7,Articles!A:B,2,FALSE) -> COSAY ENS 03P GROS CŒUR | C7: =VLOOKUP(A7,Articles!A:D,4,FALSE) -> 3 | D7: =SUMIFS(Ventes!C:C,Ventes!B:B,A7) -> 3 | E7: =C7-D7 -> 0 | F7: =SUMIFS(Ventes!D:D,Ventes!B:B,A7) -> 24000 | G7: =SUMIFS(Ventes!G:G,Ventes!B:B,A7) -> 12597
A8: LYK059 | B8: =VLOOKUP(A8,Articles!A:B,2,FALSE) -> KIDEX ROBE CHAPEAU PAILLE | C8: =VLOOKUP(A8,Articles!A:D,4,FALSE) -> 16 | D8: =SUMIFS(Ventes!C:C,Ventes!B:B,A8) -> 15 | E8: =C8-D8 -> 1 | F8: =SUMIFS(Ventes!D:D,Ventes!B:B,A8) -> 73500 | G8: =SUMIFS(Ventes!G:G,Ventes!B:B,A8) -> 45040
A9: LYK061 | B9: =VLOOKUP(A9,Articles!A:B,2,FALSE) -> KITY SALOPETTE | C9: =VLOOKUP(A9,Articles!A:D,4,FALSE) -> 6 | D9: =SUMIFS(Ventes!C:C,Ventes!B:B,A9) -> 6 | E9: =C9-D9 -> 0 | F9: =SUMIFS(Ventes!D:D,Ventes!B:B,A9) -> 48500 | G9: =SUMIFS(Ventes!G:G,Ventes!B:B,A9) -> 24308
A10: LYK153 | B10: =VLOOKUP(A10,Articles!A:B,2,FALSE) -> TIMO ROBE FLEURI ROSE | C10: =VLOOKUP(A10,Articles!A:D,4,FALSE) -> 4 | D10: =SUMIFS(Ventes!C:C,Ventes!B:B,A10) -> 4 | E10: =C10-D10 -> 0 | F10: =SUMIFS(Ventes!D:D,Ventes!B:B,A10) -> 26500 | G10: =SUMIFS(Ventes!G:G,Ventes!B:B,A10) -> 17496
A11: LYK082 | B11: =VLOOKUP(A11,Articles!A:B,2,FALSE) -> MC COLLANT | C11: =VLOOKUP(A11,Articles!A:D,4,FALSE) -> 4 | D11: =SUMIFS(Ventes!C:C,Ventes!B:B,A11) -> 8 | E11: =C11-D11 -> -4 | F11: =SUMIFS(Ventes!D:D,Ventes!B:B,A11) -> 5500 | G11: =SUMIFS(Ventes!G:G,Ventes!B:B,A11) -> 4500
A12: LYK123 | B12: =VLOOKUP(A12,Articles!A:B,2,FALSE) -> MURAT ROBE JEAN DENTELLE HB | C12: =VLOOKUP(A12,Articles!A:D,4,FALSE) -> 4 | D12: =SUMIFS(Ventes!C:C,Ventes!B:B,A12) -> 4 | E12: =C12-D12 -> 0 | F12: =SUMIFS(Ventes!D:D,Ventes!B:B,A12) -> 19000 | G12: =SUMIFS(Ventes!G:G,Ventes!B:B,A12) -> 13940
A13: LYK140 | B13: =VLOOKUP(A13,Articles!A:B,2,FALSE) -> NAY GREN SIMPLES | C13: =VLOOKUP(A13,Articles!A:D,4,FALSE) -> 78 | D13: =SUMIFS(Ventes!C:C,Ventes!B:B,A13) -> 28 | E13: =C13-D13 -> 50 | F13: =SUMIFS(Ventes!D:D,Ventes!B:B,A13) -> 28400 | G13: =SUMIFS(Ventes!G:G,Ventes!B:B,A13) -> 44604
... A208: LYK161 | B208: =VLOOKUP(A208,Articles!A:B,2,FALSE) -> TURQUIE CHAUSSETTES | C208: =VLOOKUP(A208,Articles!A:D,4,FALSE) -> 20 | D208: =SUMIFS(Ventes!C:C,Ventes!B:B,A208) -> 15 | E208: =C208-D208 -> 5 | F208: =SUMIFS(Ventes!D:D,Ventes!B:B,A208) -> 1002 | G208: =SUMIFS(Ventes!G:G,Ventes!B:B,A208) -> 2505
B209: =VLOOKUP(A209,Articles!A:B,2,FALSE) -> #N/A | C209: =VLOOKUP(A209,Articles!A:D,4,FALSE) -> #N/A | D209: =SUMIFS(Ventes!C:C,Ventes!B:B,A209) -> 0 | E209: =C209-D209 -> #N/A | F209: =SUMIFS(Ventes!D:D,Ventes!B:B,A209) -> 0 | G209: =SUMIFS(Ventes!G:G,Ventes!B:B,A209) -> 0
B210: =VLOOKUP(A210,Articles!A:B,2,FALSE) -> #N/A | C210: =VLOOKUP(A210,Articles!A:D,4,FALSE) -> #N/A | D210: =SUMIFS(Ventes!C:C,Ventes!B:B,A210) -> 0 | E210: =C210-D210 -> #N/A | F210: =SUMIFS(Ventes!D:D,Ventes!B:B,A210) -> 0 | G210: =SUMIFS(Ventes!G:G,Ventes!B:B,A210) -> 0
B211: =VLOOKUP(A211,Articles!A:B,2,FALSE) -> #N/A | C211: =VLOOKUP(A211,Articles!A:D,4,FALSE) -> #N/A | D211: =SUMIFS(Ventes!C:C,Ventes!B:B,A211) -> 0 | E211: =C211-D211 -> #N/A | F211: =SUMIFS(Ventes!D:D,Ventes!B:B,A211) -> 0 | G211: =SUMIFS(Ventes!G:G,Ventes!B:B,A211) -> 0
B212: =VLOOKUP(A212,Articles!A:B,2,FALSE) -> #N/A | C212: =VLOOKUP(A212,Articles!A:D,4,FALSE) -> #N/A | D212: =SUMIFS(Ventes!C:C,Ventes!B:B,A212) -> 0 | E212: =C212-D212 -> #N/A | F212: =SUMIFS(Ventes!D:D,Ventes!B:B,A212) -> 0 | G212: =SUMIFS(Ventes!G:G,Ventes!B:B,A212) -> 0
B213: =VLOOKUP(A213,Articles!A:B,2,FALSE) -> #N/A | C213: =VLOOKUP(A213,Articles!A:D,4,FALSE) -> #N/A | D213: =SUMIFS(Ventes!C:C,Ventes!B:B,A213) -> 0 | E213: =C213-D213 -> #N/A | F213: =SUMIFS(Ventes!D:D,Ventes!B:B,A213) -> 0 | G213: =SUMIFS(Ventes!G:G,Ventes!B:B,A213) -> 0
B214: =VLOOKUP(A214,Articles!A:B,2,FALSE) -> #N/A | C214: =VLOOKUP(A214,Articles!A:D,4,FALSE) -> #N/A | D214: =SUMIFS(Ventes!C:C,Ventes!B:B,A214) -> 0 | E214: =C214-D214 -> #N/A | F214: =SUMIFS(Ventes!D:D,Ventes!B:B,A214) -> 0 | G214: =SUMIFS(Ventes!G:G,Ventes!B:B,A214) -> 0
B215: =VLOOKUP(A215,Articles!A:B,2,FALSE) -> #N/A | C215: =VLOOKUP(A215,Articles!A:D,4,FALSE) -> #N/A | D215: =SUMIFS(Ventes!C:C,Ventes!B:B,A215) -> 0 | E215: =C215-D215 -> #N/A | F215: =SUMIFS(Ventes!D:D,Ventes!B:B,A215) -> 0 | G215: =SUMIFS(Ventes!G:G,Ventes!B:B,A215) -> 0
B216: =VLOOKUP(A216,Articles!A:B,2,FALSE) -> #N/A | C216: =VLOOKUP(A216,Articles!A:D,4,FALSE) -> #N/A | D216: =SUMIFS(Ventes!C:C,Ventes!B:B,A216) -> 0 | E216: =C216-D216 -> #N/A | F216: =SUMIFS(Ventes!D:D,Ventes!B:B,A216) -> 0 | G216: =SUMIFS(Ventes!G:G,Ventes!B:B,A216) -> 0
